{
  "version": 2,
  "base": {
    "w1": [
      [
        0.3689516927585018,
        -1.1598301246360982,
        -0.4465027537671463,
        -0.4925823202789515,
        2.4205183798890086,
        -0.7081266124693167,
        -0.4414435394305578,
        -0.4642960180489359,
        0.8870105710812138,
        1.070882532439411,
        1.9349489179009751,
        -0.03669745060537006,
        0.8181648736043511,
        -0.7012073139400585,
        0.3158365201757818,
        -0.2551745114346622
      ],
      [
        1.739502751856945,
        0.40704722516039304,
        0.838352484228295,
        0.5281392734425355,
        0.010715261295829536,
        0.5049608439693437,
        -1.1930743178439225,
        0.30188071284520407,
        0.7767521693820757,
        0.5196621859451886,
        2.1706619606976494,
        0.755594778728231,
        0.16571598890671477,
        0.34549815332909833,
        0.7487758257658618,
        2.005814318667332
      ],
      [
        -0.69388021568174,
        -0.1058165250224412,
        1.3474650704193656,
        -0.6365943521873659,
        -0.4100885341000351,
        0.7313629098890485,
        0.6130236750541805,
        1.1642298701614853,
        0.021226948503570157,
        0.048335987020496206,
        -0.364871877483857,
        -0.3387535553471268,
        -0.29265430912208795,
        1.4544503627322463,
        -0.4644254415391009,
        1.1395883303856111
      ],
      [
        0.8118410337689992,
        0.11744491037233105,
        0.8914315948087148,
        -0.8770600222701929,
        -0.8115478268667002,
        1.1314241926398496,
        0.9032129437298323,
        -0.8265021268962469,
        -0.007226605142764992,
        -0.22969568292192893,
        -0.38866953670320303,
        0.41947278301213825,
        0.4166637628637626,
        0.38854209717898086,
        -0.333915332843863,
        0.4194473017505881
      ],
      [
        0.5125939579952845,
        -1.2325786475320684,
        -0.7010195488984127,
        -0.3014770081860544,
        0.2716650385446114,
        0.2903741482698634,
        0.43992751131776026,
        -0.31985811548190696,
        -0.47633744729917554,
        -0.5656303586690252,
        -0.6078517446864022,
        1.055381527360591,
        1.6178193350971062,
        -1.1150066527050178,
        -1.2197805535220916,
        -0.7206039291222587
      ],
      [
        -1.096299235715412,
        -0.835066025863932,
        0.045309507080303936,
        -0.36651563702761264,
        0.2257813170875236,
        -0.07893469748297441,
        -0.7533805375553936,
        1.0366710493556657,
        0.4622704056338691,
        0.12664065650688,
        0.79943212325857,
        -0.9723984603270249,
        0.2517436650591715,
        -0.6416603564728095,
        -0.34489902288417046,
        -0.342311585669525
      ],
      [
        -1.0663284661829835,
        -0.8798666001224171,
        -1.2482636026267626,
        1.6245010653859067,
        -0.3704172602302235,
        1.080172559024618,
        -0.3572370852085519,
        -0.2389837962353278,
        -0.35112303466616007,
        0.45644654151000846,
        0.9359001728262493,
        0.2337406900764835,
        0.9301023405765156,
        -1.503786814035443,
        -1.8035970007937885,
        1.2324540726518791
      ],
      [
        0.061137024845100876,
        0.29623204284857985,
        -0.20547409560407312,
        -0.5518395511251168,
        0.9737294460207729,
        -0.738613912130957,
        0.9497070478308901,
        0.34984244585613233,
        -0.8492057090393309,
        2.3222662833275214,
        0.12328835989959695,
        -0.8353993025262239,
        0.5696928794554613,
        -0.795425122898364,
        1.6988701920408802,
        0.6872648482969067
      ],
      [
        0.36273981690599816,
        -0.7792282882941842,
        -0.40032234409040546,
        -0.5331554219925166,
        0.24485550590230165,
        -0.5963210052584932,
        0.3153860012471401,
        0.23461886825323014,
        0.1577744552472712,
        0.4586650251731664,
        -0.01717675694879544,
        -1.0057912477031248,
        1.2596518497905511,
        -0.9693093131370898,
        -0.5721259789905085,
        -0.2173578521022107
      ],
      [
        0.6684527262476568,
        0.22949233674571112,
        1.017640966798103,
        0.5888570080575968,
        -0.741296761927183,
        1.4553399731226686,
        0.8374543602736263,
        0.5695700404546774,
        0.03368007244112172,
        1.4647515700915166,
        -1.4816693969455808,
        -0.7216766034962397,
        -0.4501827325456609,
        -1.9584518642598605,
        0.3272139198707969,
        -1.1629289016463427
      ]
    ],
    "b1": [
      -0.16912222921756837,
      -0.18623965556048314,
      0.3452662513344062,
      0.06707196094046146,
      -0.16960159751952988,
      0.10246014623043231,
      0.14883436975770428,
      -0.21101204262075285,
      0.016091868544238795,
      0.2661852819418463,
      0.4143081787716911,
      -0.23644807441361979,
      -0.10724502694539982,
      0.24530069449552291,
      -0.5595314249473714,
      0.3803579295029565
    ],
    "w2": [
      [
        -0.29474348315968674,
        0.46614792740608946
      ],
      [
        0.09343456526938294,
        -0.5754024507505665
      ],
      [
        -0.5329177972138566,
        0.3946393082949063
      ],
      [
        0.4662122961419622,
        -0.32685659375996134
      ],
      [
        -0.3402311147848389,
        -0.6715942984578774
      ],
      [
        0.3864562629761957,
        0.7928532580522378
      ],
      [
        -0.6328919511420005,
        -0.3323332656300963
      ],
      [
        -0.10847698168881394,
        -0.4709204911156964
      ],
      [
        0.20769138662085823,
        0.04744311695002891
      ],
      [
        -0.07517387966750413,
        0.3502072853317773
      ],
      [
        -0.5877861137543346,
        -2.0924654281223636
      ],
      [
        -0.8789988522063588,
        -0.7400938031833241
      ],
      [
        -0.9383970014651568,
        -0.6973382525216786
      ],
      [
        -1.0495035765879166,
        0.6934656889540605
      ],
      [
        0.8273329612742332,
        -1.2081003150377176
      ],
      [
        0.6523157609615614,
        -0.08602100936162455
      ]
    ],
    "b2": [
      0.27421680687929045,
      -0.10284933716362345
    ]
  },
  "adapters": {
    "1": {
      "A1": [
        [
          -2.5551648282655437,
          -2.4083069692562566
        ],
        [
          0.044792476785597286,
          -3.5713995435147563
        ],
        [
          0.20447868443414155,
          -4.311455880938657
        ],
        [
          0.5217201126272134,
          1.512631193297872
        ],
        [
          -0.5222751836096172,
          4.648197061466703
        ],
        [
          4.054020500024191,
          3.7297117587651134
        ],
        [
          8.602091721029286,
          3.837687893628819
        ],
        [
          0.7427602121436497,
          4.807785879718377
        ],
        [
          0.8761597136187893,
          -2.192696041846014
        ],
        [
          -0.17521695993916359,
          -5.097924434053066
        ]
      ],